-- MySQL dump 10.13  Distrib 5.7.19, for macos10.12 (x86_64)
--
-- Host: localhost    Database: gmax
-- ------------------------------------------------------
-- Server version	5.7.19

/*!40101 SET @OLD_CHARACTER_SET_CLIENT=@@CHARACTER_SET_CLIENT */;
/*!40101 SET @OLD_CHARACTER_SET_RESULTS=@@CHARACTER_SET_RESULTS */;
/*!40101 SET @OLD_COLLATION_CONNECTION=@@COLLATION_CONNECTION */;
/*!40101 SET NAMES utf8 */;
/*!40103 SET @OLD_TIME_ZONE=@@TIME_ZONE */;
/*!40103 SET TIME_ZONE='+00:00' */;
/*!40014 SET @OLD_UNIQUE_CHECKS=@@UNIQUE_CHECKS, UNIQUE_CHECKS=0 */;
/*!40014 SET @OLD_FOREIGN_KEY_CHECKS=@@FOREIGN_KEY_CHECKS, FOREIGN_KEY_CHECKS=0 */;
/*!40101 SET @OLD_SQL_MODE=@@SQL_MODE, SQL_MODE='NO_AUTO_VALUE_ON_ZERO' */;
/*!40111 SET @OLD_SQL_NOTES=@@SQL_NOTES, SQL_NOTES=0 */;

--
-- Table structure for table `category`
--

DROP TABLE IF EXISTS `category`;
/*!40101 SET @saved_cs_client     = @@character_set_client */;
/*!40101 SET character_set_client = utf8 */;
CREATE TABLE `category` (
  `id` int(11) NOT NULL AUTO_INCREMENT,
  `name` varchar(30) NOT NULL,
  `description` varchar(100) DEFAULT NULL,
  `createdAt` timestamp NOT NULL DEFAULT CURRENT_TIMESTAMP,
  `updatedAt` timestamp NOT NULL DEFAULT CURRENT_TIMESTAMP ON UPDATE CURRENT_TIMESTAMP,
  PRIMARY KEY (`id`),
  UNIQUE KEY `name` (`name`)
) ENGINE=InnoDB AUTO_INCREMENT=6 DEFAULT CHARSET=latin1;
/*!40101 SET character_set_client = @saved_cs_client */;

--
-- Dumping data for table `category`
--

LOCK TABLES `category` WRITE;
/*!40000 ALTER TABLE `category` DISABLE KEYS */;
INSERT INTO `category` VALUES (1,'Math','Section that tests Math skills','2017-08-17 20:36:03','2017-08-17 21:22:36'),(2,'Verbal','Section that tests verbal abilities','2017-08-17 20:36:15','2017-08-17 20:36:15'),(3,'Writing','Section that tests Writing abilities','2017-08-17 20:36:24','2017-08-17 20:36:24'),(4,'Reasoning','Section that tests Reasoning abilities','2017-08-17 20:36:32','2017-08-17 21:21:32'),(5,'Data','Section that tests Data Sufficienty abilities','2017-08-17 20:36:42','2017-08-17 20:36:42');
/*!40000 ALTER TABLE `category` ENABLE KEYS */;
UNLOCK TABLES;

--
-- Table structure for table `leader_board`
--

DROP TABLE IF EXISTS `leader_board`;
/*!40101 SET @saved_cs_client     = @@character_set_client */;
/*!40101 SET character_set_client = utf8 */;
CREATE TABLE `leader_board` (
  `id` int(11) NOT NULL AUTO_INCREMENT,
  `username` varchar(100) DEFAULT NULL,
  `questionId` int(11) DEFAULT NULL,
  `isCorrect` tinyint(1) DEFAULT NULL,
  `category` int(11) DEFAULT NULL,
  `answer` enum('A','B','C','D','E') DEFAULT NULL,
  `level` enum('200','300','400') DEFAULT NULL,
  `score` int(11) DEFAULT NULL,
  PRIMARY KEY (`id`)
) ENGINE=InnoDB AUTO_INCREMENT=49 DEFAULT CHARSET=latin1;
/*!40101 SET character_set_client = @saved_cs_client */;

--
-- Dumping data for table `leader_board`
--

LOCK TABLES `leader_board` WRITE;
/*!40000 ALTER TABLE `leader_board` DISABLE KEYS */;
INSERT INTO `leader_board` VALUES (1,'matt',1,1,1,'D','200',12),(3,'222',NULL,NULL,NULL,NULL,'200',NULL),(4,'222',NULL,1,NULL,NULL,'200',NULL),(5,'222',12,1,1,'D','200',33),(6,'ADSFADS',12,1,1,'D','200',33),(7,'fdasdfads',12,1,1,'D','200',33),(8,'mikeUser',17,1,1,'E','200',100),(9,'mikeUser',24,1,4,'C','200',100),(10,'joe2',20,1,5,'B','200',100),(11,'joe2',23,1,3,'D','200',100),(12,'joe2',7,1,2,'E','300',100),(13,'joe2',44,1,4,'C','400',100),(14,'joe2',43,1,3,'D','400',100),(15,'joe2user',28,1,3,'D','200',100),(16,'joe2user',42,1,2,'E','400',100),(17,'joe2user',35,1,5,'B','400',100),(18,'bro1Username',6,1,1,'D','200',100),(19,'bro1Username',24,1,4,'C','200',100),(20,'M_The_User',1,1,1,'D','200',100),(21,'P-Oh-eh-Username',19,1,4,'C','200',100),(22,'P-Oh-eh-Username',9,1,4,'A','400',100),(23,'P-Oh-eh-Username',9,1,4,'A','400',100),(24,'P-Oh-eh-Username',45,0,5,'D','400',0),(25,'P-Oh-eh-Username',45,1,5,'B','400',100),(26,'P-Oh-eh-Username',37,0,2,'D','400',0),(27,'P-Oh-eh-Username',14,0,4,'A','300',0),(28,'P-Oh-eh-Username',23,0,3,'E','200',0),(29,'ASDF',19,1,4,'C','200',100),(30,'ASDF',29,0,4,'B','200',0),(31,'ASDF',29,0,4,'A','200',0),(32,'ASDF',18,0,3,'E','200',0),(33,'ASDF',21,0,1,'C','200',0),(34,'ASDF',30,0,5,'D','200',0),(35,'ASDF',23,1,3,'D','200',100),(36,'ASDF',25,0,5,'A','200',0),(37,'ASDF',25,0,5,'E','200',0),(38,'ASDF',16,0,NULL,'C','200',0),(39,'ASDF',27,0,NULL,'B','200',0),(40,'ASDF',16,1,NULL,'A','200',100),(41,'ASDF',41,1,NULL,'A','400',100),(42,'ASDF',44,1,NULL,'C','400',100),(43,'ASDF',9,1,NULL,'A','400',100),(44,'ASDF',20,1,NULL,'B','200',100),(45,'ASDF',25,1,NULL,'B','200',100),(46,'ASDF',43,1,NULL,'D','400',100),(47,'ASDF',31,1,NULL,'A','400',100),(48,'P-Oh-eh-Username',22,0,NULL,'D','200',0);
/*!40000 ALTER TABLE `leader_board` ENABLE KEYS */;
UNLOCK TABLES;

--
-- Table structure for table `questions`
--

DROP TABLE IF EXISTS `questions`;
/*!40101 SET @saved_cs_client     = @@character_set_client */;
/*!40101 SET character_set_client = utf8 */;
CREATE TABLE `questions` (
  `id` int(11) NOT NULL AUTO_INCREMENT,
  `title` varchar(2000) DEFAULT NULL,
  `answerA` varchar(500) DEFAULT NULL,
  `answerB` varchar(500) DEFAULT NULL,
  `answerC` varchar(500) DEFAULT NULL,
  `answerD` varchar(500) DEFAULT NULL,
  `answerE` varchar(500) DEFAULT NULL,
  `categoryId` int(11) DEFAULT NULL,
  `level` enum('200','300','400') DEFAULT '200',
  `correctAnswer` enum('A','B','C','D','E') NOT NULL,
  `createdAt` timestamp NOT NULL DEFAULT CURRENT_TIMESTAMP,
  `updatedAt` timestamp NOT NULL DEFAULT CURRENT_TIMESTAMP ON UPDATE CURRENT_TIMESTAMP,
  PRIMARY KEY (`id`),
  KEY `categoryId` (`categoryId`),
  CONSTRAINT `questions_ibfk_1` FOREIGN KEY (`categoryId`) REFERENCES `category` (`id`) ON DELETE CASCADE
) ENGINE=InnoDB AUTO_INCREMENT=46 DEFAULT CHARSET=latin1;
/*!40101 SET character_set_client = @saved_cs_client */;

--
-- Dumping data for table `questions`
--

LOCK TABLES `questions` WRITE;
/*!40000 ALTER TABLE `questions` DISABLE KEYS */;
INSERT INTO `questions` VALUES (1,'QUESTION 2.2d The quick brown fox jumps over the moon.  All people need data protection. There are many instances of this occurring in the business world, for example, in New York City.  Many layers of cloth are required to spin the sheet into a yarn.  The mountains in the himalayas show promise for refreshing the region’s oxygen supply.   All people need data protection. There are many instances of this occurring in the business world, for example, in New York City.  Many layers of cloth are required to spin the sheet into a yarn.  The mountains in the himalayas show promise for refreshing the region’s oxygen supply.','This is what a short answer looks like.',' The mountains in the himalayas show promise for refreshing the region’s oxygen supply.   All people need data protection. There are many instances of this occurring in the business world, for example, in New York City.','The mountains in the himalayas show promise for refreshing the region’s oxygen supply.   All people need data protection. There are many instances of this occurring in the business world, for example, in New York City. There are many instances of this.','The quick brown fox jumps over the moon.  All people need data protection. There are many instances of this occurring in the business world, for example, in New York City.','The quick brown fox jumps over the moon.  All people need data protection. There are many instances of this occurring in the business world, for example, in New York City.  Many layers of cloth are required to spin the sheet into a yarn.The quick brown fox jumps over the moon.  All people need data protection. There are many instances of this occurring in the business world, for example, in New York City.  Many layers of cloth are required to spin the sheet into a yarn.',1,'200','D','2017-08-17 20:39:57','2017-08-17 20:39:57'),(2,'QUESTION 2.3e The quick brown fox jumps over the moon.  All people need data protection. There are many instances of this occurring in the business world, for example, in New York City.  Many layers of cloth are required to spin the sheet into a yarn.  The mountains in the himalayas show promise for refreshing the region’s oxygen supply.   All people need data protection. There are many instances of this occurring in the business world, for example, in New York City.  Many layers of cloth are required to spin the sheet into a yarn.  The mountains in the himalayas show promise for refreshing the region’s oxygen supply.','This is what a short answer looks like.',' The mountains in the himalayas show promise for refreshing the region’s oxygen supply.   All people need data protection. There are many instances of this occurring in the business world, for example, in New York City.','The mountains in the himalayas show promise for refreshing the region’s oxygen supply.   All people need data protection. There are many instances of this occurring in the business world, for example, in New York City. There are many instances of this.','The quick brown fox jumps over the moon.  All people need data protection. There are many instances of this occurring in the business world, for example, in New York City.','The quick brown fox jumps over the moon.  All people need data protection. There are many instances of this occurring in the business world, for example, in New York City.  Many layers of cloth are required to spin the sheet into a yarn.The quick brown fox jumps over the moon.  All people need data protection. There are many instances of this occurring in the business world, for example, in New York City.  Many layers of cloth are required to spin the sheet into a yarn.',2,'300','E','2017-08-17 20:39:57','2017-08-17 20:39:57'),(3,'QUESTION 2.3b The quick brown fox jumps over the moon.  All people need data protection. There are many instances of this occurring in the business world, for example, in New York City.  Many layers of cloth are required to spin the sheet into a yarn.  The mountains in the himalayas show promise for refreshing the region’s oxygen supply.   All people need data protection. There are many instances of this occurring in the business world, for example, in New York City.  Many layers of cloth are required to spin the sheet into a yarn.  The mountains in the himalayas show promise for refreshing the region’s oxygen supply.','This is what a short answer looks like.',' The mountains in the himalayas show promise for refreshing the region’s oxygen supply.   All people need data protection. There are many instances of this occurring in the business world, for example, in New York City.','The mountains in the himalayas show promise for refreshing the region’s oxygen supply.   All people need data protection. There are many instances of this occurring in the business world, for example, in New York City. There are many instances of this.','The quick brown fox jumps over the moon.  All people need data protection. There are many instances of this occurring in the business world, for example, in New York City.','The quick brown fox jumps over the moon.  All people need data protection. There are many instances of this occurring in the business world, for example, in New York City.  Many layers of cloth are required to spin the sheet into a yarn.The quick brown fox jumps over the moon.  All people need data protection. There are many instances of this occurring in the business world, for example, in New York City.  Many layers of cloth are required to spin the sheet into a yarn.',3,'300','B','2017-08-17 20:39:57','2017-08-17 20:39:57'),(4,'QUESTION 2.4a The quick brown fox jumps over the moon.  All people need data protection. There are many instances of this occurring in the business world, for example, in New York City.  Many layers of cloth are required to spin the sheet into a yarn.  The mountains in the himalayas show promise for refreshing the region’s oxygen supply.   All people need data protection. There are many instances of this occurring in the business world, for example, in New York City.  Many layers of cloth are required to spin the sheet into a yarn.  The mountains in the himalayas show promise for refreshing the region’s oxygen supply.','This is what a short answer looks like.',' The mountains in the himalayas show promise for refreshing the region’s oxygen supply.   All people need data protection. There are many instances of this occurring in the business world, for example, in New York City.','The mountains in the himalayas show promise for refreshing the region’s oxygen supply.   All people need data protection. There are many instances of this occurring in the business world, for example, in New York City. There are many instances of this.','The quick brown fox jumps over the moon.  All people need data protection. There are many instances of this occurring in the business world, for example, in New York City.','The quick brown fox jumps over the moon.  All people need data protection. There are many instances of this occurring in the business world, for example, in New York City.  Many layers of cloth are required to spin the sheet into a yarn.The quick brown fox jumps over the moon.  All people need data protection. There are many instances of this occurring in the business world, for example, in New York City.  Many layers of cloth are required to spin the sheet into a yarn.',4,'400','A','2017-08-17 20:39:57','2017-08-17 20:39:57'),(5,'QUESTION 2.4c The quick brown fox jumps over the moon.  All people need data protection. There are many instances of this occurring in the business world, for example, in New York City.  Many layers of cloth are required to spin the sheet into a yarn.  The mountains in the himalayas show promise for refreshing the region’s oxygen supply.   All people need data protection. There are many instances of this occurring in the business world, for example, in New York City.  Many layers of cloth are required to spin the sheet into a yarn.  The mountains in the himalayas show promise for refreshing the region’s oxygen supply.','This is what a short answer looks like.',' The mountains in the himalayas show promise for refreshing the region’s oxygen supply.   All people need data protection. There are many instances of this occurring in the business world, for example, in New York City.','The mountains in the himalayas show promise for refreshing the region’s oxygen supply.   All people need data protection. There are many instances of this occurring in the business world, for example, in New York City. There are many instances of this.','The quick brown fox jumps over the moon.  All people need data protection. There are many instances of this occurring in the business world, for example, in New York City.','The quick brown fox jumps over the moon.  All people need data protection. There are many instances of this occurring in the business world, for example, in New York City.  Many layers of cloth are required to spin the sheet into a yarn.The quick brown fox jumps over the moon.  All people need data protection. There are many instances of this occurring in the business world, for example, in New York City.  Many layers of cloth are required to spin the sheet into a yarn.',1,'400','C','2017-08-17 20:40:00','2017-08-17 20:40:00'),(6,'QUESTION 2.2d The quick brown fox jumps over the moon.  All people need data protection. There are many instances of this occurring in the business world, for example, in New York City.  Many layers of cloth are required to spin the sheet into a yarn.  The mountains in the himalayas show promise for refreshing the region’s oxygen supply.   All people need data protection. There are many instances of this occurring in the business world, for example, in New York City.  Many layers of cloth are required to spin the sheet into a yarn.  The mountains in the himalayas show promise for refreshing the region’s oxygen supply.','This is what a short answer looks like.',' The mountains in the himalayas show promise for refreshing the region’s oxygen supply.   All people need data protection. There are many instances of this occurring in the business world, for example, in New York City.','The mountains in the himalayas show promise for refreshing the region’s oxygen supply.   All people need data protection. There are many instances of this occurring in the business world, for example, in New York City. There are many instances of this.','The quick brown fox jumps over the moon.  All people need data protection. There are many instances of this occurring in the business world, for example, in New York City.','The quick brown fox jumps over the moon.  All people need data protection. There are many instances of this occurring in the business world, for example, in New York City.  Many layers of cloth are required to spin the sheet into a yarn.The quick brown fox jumps over the moon.  All people need data protection. There are many instances of this occurring in the business world, for example, in New York City.  Many layers of cloth are required to spin the sheet into a yarn.',1,'200','D','2017-08-17 20:40:07','2017-08-17 20:40:07'),(7,'QUESTION 2.3e The quick brown fox jumps over the moon.  All people need data protection. There are many instances of this occurring in the business world, for example, in New York City.  Many layers of cloth are required to spin the sheet into a yarn.  The mountains in the himalayas show promise for refreshing the region’s oxygen supply.   All people need data protection. There are many instances of this occurring in the business world, for example, in New York City.  Many layers of cloth are required to spin the sheet into a yarn.  The mountains in the himalayas show promise for refreshing the region’s oxygen supply.','This is what a short answer looks like.',' The mountains in the himalayas show promise for refreshing the region’s oxygen supply.   All people need data protection. There are many instances of this occurring in the business world, for example, in New York City.','The mountains in the himalayas show promise for refreshing the region’s oxygen supply.   All people need data protection. There are many instances of this occurring in the business world, for example, in New York City. There are many instances of this.','The quick brown fox jumps over the moon.  All people need data protection. There are many instances of this occurring in the business world, for example, in New York City.','The quick brown fox jumps over the moon.  All people need data protection. There are many instances of this occurring in the business world, for example, in New York City.  Many layers of cloth are required to spin the sheet into a yarn.The quick brown fox jumps over the moon.  All people need data protection. There are many instances of this occurring in the business world, for example, in New York City.  Many layers of cloth are required to spin the sheet into a yarn.',2,'300','E','2017-08-17 20:40:07','2017-08-17 20:40:07'),(8,'QUESTION 2.3b The quick brown fox jumps over the moon.  All people need data protection. There are many instances of this occurring in the business world, for example, in New York City.  Many layers of cloth are required to spin the sheet into a yarn.  The mountains in the himalayas show promise for refreshing the region’s oxygen supply.   All people need data protection. There are many instances of this occurring in the business world, for example, in New York City.  Many layers of cloth are required to spin the sheet into a yarn.  The mountains in the himalayas show promise for refreshing the region’s oxygen supply.','This is what a short answer looks like.',' The mountains in the himalayas show promise for refreshing the region’s oxygen supply.   All people need data protection. There are many instances of this occurring in the business world, for example, in New York City.','The mountains in the himalayas show promise for refreshing the region’s oxygen supply.   All people need data protection. There are many instances of this occurring in the business world, for example, in New York City. There are many instances of this.','The quick brown fox jumps over the moon.  All people need data protection. There are many instances of this occurring in the business world, for example, in New York City.','The quick brown fox jumps over the moon.  All people need data protection. There are many instances of this occurring in the business world, for example, in New York City.  Many layers of cloth are required to spin the sheet into a yarn.The quick brown fox jumps over the moon.  All people need data protection. There are many instances of this occurring in the business world, for example, in New York City.  Many layers of cloth are required to spin the sheet into a yarn.',3,'300','B','2017-08-17 20:40:08','2017-08-17 20:40:08'),(9,'QUESTION 2.4a The quick brown fox jumps over the moon.  All people need data protection. There are many instances of this occurring in the business world, for example, in New York City.  Many layers of cloth are required to spin the sheet into a yarn.  The mountains in the himalayas show promise for refreshing the region’s oxygen supply.   All people need data protection. There are many instances of this occurring in the business world, for example, in New York City.  Many layers of cloth are required to spin the sheet into a yarn.  The mountains in the himalayas show promise for refreshing the region’s oxygen supply.','This is what a short answer looks like.',' The mountains in the himalayas show promise for refreshing the region’s oxygen supply.   All people need data protection. There are many instances of this occurring in the business world, for example, in New York City.','The mountains in the himalayas show promise for refreshing the region’s oxygen supply.   All people need data protection. There are many instances of this occurring in the business world, for example, in New York City. There are many instances of this.','The quick brown fox jumps over the moon.  All people need data protection. There are many instances of this occurring in the business world, for example, in New York City.','The quick brown fox jumps over the moon.  All people need data protection. There are many instances of this occurring in the business world, for example, in New York City.  Many layers of cloth are required to spin the sheet into a yarn.The quick brown fox jumps over the moon.  All people need data protection. There are many instances of this occurring in the business world, for example, in New York City.  Many layers of cloth are required to spin the sheet into a yarn.',4,'400','A','2017-08-17 20:40:08','2017-08-17 20:40:08'),(10,'QUESTION 2.4c The quick brown fox jumps over the moon.  All people need data protection. There are many instances of this occurring in the business world, for example, in New York City.  Many layers of cloth are required to spin the sheet into a yarn.  The mountains in the himalayas show promise for refreshing the region’s oxygen supply.   All people need data protection. There are many instances of this occurring in the business world, for example, in New York City.  Many layers of cloth are required to spin the sheet into a yarn.  The mountains in the himalayas show promise for refreshing the region’s oxygen supply.','This is what a short answer looks like.',' The mountains in the himalayas show promise for refreshing the region’s oxygen supply.   All people need data protection. There are many instances of this occurring in the business world, for example, in New York City.','The mountains in the himalayas show promise for refreshing the region’s oxygen supply.   All people need data protection. There are many instances of this occurring in the business world, for example, in New York City. There are many instances of this.','The quick brown fox jumps over the moon.  All people need data protection. There are many instances of this occurring in the business world, for example, in New York City.','The quick brown fox jumps over the moon.  All people need data protection. There are many instances of this occurring in the business world, for example, in New York City.  Many layers of cloth are required to spin the sheet into a yarn.The quick brown fox jumps over the moon.  All people need data protection. There are many instances of this occurring in the business world, for example, in New York City.  Many layers of cloth are required to spin the sheet into a yarn.',1,'400','C','2017-08-17 20:40:09','2017-08-17 20:40:09'),(11,'QUESTION 2.3a The quick brown fox jumps over the moon.  All people need data protection. There are many instances of this occurring in the business world, for example, in New York City.  Many layers of cloth are required to spin the sheet into a yarn.  The mountains in the himalayas show promise for refreshing the region’s oxygen supply.   All people need data protection. There are many instances of this occurring in the business world, for example, in New York City.  Many layers of cloth are required to spin the sheet into a yarn.  The mountains in the himalayas show promise for refreshing the region’s oxygen supply.','This is what a short answer looks like.',' The mountains in the himalayas show promise for refreshing the region’s oxygen supply.   All people need data protection. There are many instances of this occurring in the business world, for example, in New York City.','The mountains in the himalayas show promise for refreshing the region’s oxygen supply.   All people need data protection. There are many instances of this occurring in the business world, for example, in New York City. There are many instances of this.','The quick brown fox jumps over the moon.  All people need data protection. There are many instances of this occurring in the business world, for example, in New York City.','The quick brown fox jumps over the moon.  All people need data protection. There are many instances of this occurring in the business world, for example, in New York City.  Many layers of cloth are required to spin the sheet into a yarn.The quick brown fox jumps over the moon.  All people need data protection. There are many instances of this occurring in the business world, for example, in New York City.  Many layers of cloth are required to spin the sheet into a yarn.',1,'300','A','2017-08-17 20:41:51','2017-08-17 20:41:51'),(12,'QUESTION 2.3e The quick brown fox jumps over the moon.  All people need data protection. There are many instances of this occurring in the business world, for example, in New York City.  Many layers of cloth are required to spin the sheet into a yarn.  The mountains in the himalayas show promise for refreshing the region’s oxygen supply.   All people need data protection. There are many instances of this occurring in the business world, for example, in New York City.  Many layers of cloth are required to spin the sheet into a yarn.  The mountains in the himalayas show promise for refreshing the region’s oxygen supply.','This is what a short answer looks like.',' The mountains in the himalayas show promise for refreshing the region’s oxygen supply.   All people need data protection. There are many instances of this occurring in the business world, for example, in New York City.','The mountains in the himalayas show promise for refreshing the region’s oxygen supply.   All people need data protection. There are many instances of this occurring in the business world, for example, in New York City. There are many instances of this.','The quick brown fox jumps over the moon.  All people need data protection. There are many instances of this occurring in the business world, for example, in New York City.','The quick brown fox jumps over the moon.  All people need data protection. There are many instances of this occurring in the business world, for example, in New York City.  Many layers of cloth are required to spin the sheet into a yarn.The quick brown fox jumps over the moon.  All people need data protection. There are many instances of this occurring in the business world, for example, in New York City.  Many layers of cloth are required to spin the sheet into a yarn.',2,'300','E','2017-08-17 20:41:51','2017-08-17 20:41:51'),(13,'QUESTION 2.3d The quick brown fox jumps over the moon.  All people need data protection. There are many instances of this occurring in the business world, for example, in New York City.  Many layers of cloth are required to spin the sheet into a yarn.  The mountains in the himalayas show promise for refreshing the region’s oxygen supply.   All people need data protection. There are many instances of this occurring in the business world, for example, in New York City.  Many layers of cloth are required to spin the sheet into a yarn.  The mountains in the himalayas show promise for refreshing the region’s oxygen supply.','This is what a short answer looks like.',' The mountains in the himalayas show promise for refreshing the region’s oxygen supply.   All people need data protection. There are many instances of this occurring in the business world, for example, in New York City.','The mountains in the himalayas show promise for refreshing the region’s oxygen supply.   All people need data protection. There are many instances of this occurring in the business world, for example, in New York City. There are many instances of this.','The quick brown fox jumps over the moon.  All people need data protection. There are many instances of this occurring in the business world, for example, in New York City.','The quick brown fox jumps over the moon.  All people need data protection. There are many instances of this occurring in the business world, for example, in New York City.  Many layers of cloth are required to spin the sheet into a yarn.The quick brown fox jumps over the moon.  All people need data protection. There are many instances of this occurring in the business world, for example, in New York City.  Many layers of cloth are required to spin the sheet into a yarn.',3,'300','D','2017-08-17 20:41:51','2017-08-17 20:41:51'),(14,'QUESTION 2.3c The quick brown fox jumps over the moon.  All people need data protection. There are many instances of this occurring in the business world, for example, in New York City.  Many layers of cloth are required to spin the sheet into a yarn.  The mountains in the himalayas show promise for refreshing the region’s oxygen supply.   All people need data protection. There are many instances of this occurring in the business world, for example, in New York City.  Many layers of cloth are required to spin the sheet into a yarn.  The mountains in the himalayas show promise for refreshing the region’s oxygen supply.','This is what a short answer looks like.',' The mountains in the himalayas show promise for refreshing the region’s oxygen supply.   All people need data protection. There are many instances of this occurring in the business world, for example, in New York City.','The mountains in the himalayas show promise for refreshing the region’s oxygen supply.   All people need data protection. There are many instances of this occurring in the business world, for example, in New York City. There are many instances of this.','The quick brown fox jumps over the moon.  All people need data protection. There are many instances of this occurring in the business world, for example, in New York City.','The quick brown fox jumps over the moon.  All people need data protection. There are many instances of this occurring in the business world, for example, in New York City.  Many layers of cloth are required to spin the sheet into a yarn.The quick brown fox jumps over the moon.  All people need data protection. There are many instances of this occurring in the business world, for example, in New York City.  Many layers of cloth are required to spin the sheet into a yarn.',4,'300','C','2017-08-17 20:41:51','2017-08-17 20:41:51'),(15,'QUESTION 2.3b The quick brown fox jumps over the moon.  All people need data protection. There are many instances of this occurring in the business world, for example, in New York City.  Many layers of cloth are required to spin the sheet into a yarn.  The mountains in the himalayas show promise for refreshing the region’s oxygen supply.   All people need data protection. There are many instances of this occurring in the business world, for example, in New York City.  Many layers of cloth are required to spin the sheet into a yarn.  The mountains in the himalayas show promise for refreshing the region’s oxygen supply.','This is what a short answer looks like.',' The mountains in the himalayas show promise for refreshing the region’s oxygen supply.   All people need data protection. There are many instances of this occurring in the business world, for example, in New York City.','The mountains in the himalayas show promise for refreshing the region’s oxygen supply.   All people need data protection. There are many instances of this occurring in the business world, for example, in New York City. There are many instances of this.','The quick brown fox jumps over the moon.  All people need data protection. There are many instances of this occurring in the business world, for example, in New York City.','The quick brown fox jumps over the moon.  All people need data protection. There are many instances of this occurring in the business world, for example, in New York City.  Many layers of cloth are required to spin the sheet into a yarn.The quick brown fox jumps over the moon.  All people need data protection. There are many instances of this occurring in the business world, for example, in New York City.  Many layers of cloth are required to spin the sheet into a yarn.',5,'300','B','2017-08-17 20:41:52','2017-08-17 20:41:52'),(16,'QUESTION 2.2a The quick brown fox jumps over the moon.  All people need data protection. There are many instances of this occurring in the business world, for example, in New York City.  Many layers of cloth are required to spin the sheet into a yarn.  The mountains in the himalayas show promise for refreshing the region’s oxygen supply.   All people need data protection. There are many instances of this occurring in the business world, for example, in New York City.  Many layers of cloth are required to spin the sheet into a yarn.  The mountains in the himalayas show promise for refreshing the region’s oxygen supply.','This is what a short answer looks like.',' The mountains in the himalayas show promise for refreshing the region’s oxygen supply.   All people need data protection. There are many instances of this occurring in the business world, for example, in New York City.','The mountains in the himalayas show promise for refreshing the region’s oxygen supply.   All people need data protection. There are many instances of this occurring in the business world, for example, in New York City. There are many instances of this.','The quick brown fox jumps over the moon.  All people need data protection. There are many instances of this occurring in the business world, for example, in New York City.','The quick brown fox jumps over the moon.  All people need data protection. There are many instances of this occurring in the business world, for example, in New York City.  Many layers of cloth are required to spin the sheet into a yarn.The quick brown fox jumps over the moon.  All people need data protection. There are many instances of this occurring in the business world, for example, in New York City.  Many layers of cloth are required to spin the sheet into a yarn.',1,'200','A','2017-08-17 20:42:39','2017-08-17 20:42:39'),(17,'QUESTION 2.2e The quick brown fox jumps over the moon.  All people need data protection. There are many instances of this occurring in the business world, for example, in New York City.  Many layers of cloth are required to spin the sheet into a yarn.  The mountains in the himalayas show promise for refreshing the region’s oxygen supply.   All people need data protection. There are many instances of this occurring in the business world, for example, in New York City.  Many layers of cloth are required to spin the sheet into a yarn.  The mountains in the himalayas show promise for refreshing the region’s oxygen supply.','This is what a short answer looks like.',' The mountains in the himalayas show promise for refreshing the region’s oxygen supply.   All people need data protection. There are many instances of this occurring in the business world, for example, in New York City.','The mountains in the himalayas show promise for refreshing the region’s oxygen supply.   All people need data protection. There are many instances of this occurring in the business world, for example, in New York City. There are many instances of this.','The quick brown fox jumps over the moon.  All people need data protection. There are many instances of this occurring in the business world, for example, in New York City.','The quick brown fox jumps over the moon.  All people need data protection. There are many instances of this occurring in the business world, for example, in New York City.  Many layers of cloth are required to spin the sheet into a yarn.The quick brown fox jumps over the moon.  All people need data protection. There are many instances of this occurring in the business world, for example, in New York City.  Many layers of cloth are required to spin the sheet into a yarn.',2,'200','E','2017-08-17 20:42:39','2017-08-17 20:42:39'),(18,'QUESTION 2.2d The quick brown fox jumps over the moon.  All people need data protection. There are many instances of this occurring in the business world, for example, in New York City.  Many layers of cloth are required to spin the sheet into a yarn.  The mountains in the himalayas show promise for refreshing the region’s oxygen supply.   All people need data protection. There are many instances of this occurring in the business world, for example, in New York City.  Many layers of cloth are required to spin the sheet into a yarn.  The mountains in the himalayas show promise for refreshing the region’s oxygen supply.','This is what a short answer looks like.',' The mountains in the himalayas show promise for refreshing the region’s oxygen supply.   All people need data protection. There are many instances of this occurring in the business world, for example, in New York City.','The mountains in the himalayas show promise for refreshing the region’s oxygen supply.   All people need data protection. There are many instances of this occurring in the business world, for example, in New York City. There are many instances of this.','The quick brown fox jumps over the moon.  All people need data protection. There are many instances of this occurring in the business world, for example, in New York City.','The quick brown fox jumps over the moon.  All people need data protection. There are many instances of this occurring in the business world, for example, in New York City.  Many layers of cloth are required to spin the sheet into a yarn.The quick brown fox jumps over the moon.  All people need data protection. There are many instances of this occurring in the business world, for example, in New York City.  Many layers of cloth are required to spin the sheet into a yarn.',3,'200','D','2017-08-17 20:42:39','2017-08-17 20:42:39'),(19,'QUESTION 2.2c The quick brown fox jumps over the moon.  All people need data protection. There are many instances of this occurring in the business world, for example, in New York City.  Many layers of cloth are required to spin the sheet into a yarn.  The mountains in the himalayas show promise for refreshing the region’s oxygen supply.   All people need data protection. There are many instances of this occurring in the business world, for example, in New York City.  Many layers of cloth are required to spin the sheet into a yarn.  The mountains in the himalayas show promise for refreshing the region’s oxygen supply.','This is what a short answer looks like.',' The mountains in the himalayas show promise for refreshing the region’s oxygen supply.   All people need data protection. There are many instances of this occurring in the business world, for example, in New York City.','The mountains in the himalayas show promise for refreshing the region’s oxygen supply.   All people need data protection. There are many instances of this occurring in the business world, for example, in New York City. There are many instances of this.','The quick brown fox jumps over the moon.  All people need data protection. There are many instances of this occurring in the business world, for example, in New York City.','The quick brown fox jumps over the moon.  All people need data protection. There are many instances of this occurring in the business world, for example, in New York City.  Many layers of cloth are required to spin the sheet into a yarn.The quick brown fox jumps over the moon.  All people need data protection. There are many instances of this occurring in the business world, for example, in New York City.  Many layers of cloth are required to spin the sheet into a yarn.',4,'200','C','2017-08-17 20:42:40','2017-08-17 20:42:40'),(20,'QUESTION 2.2b The quick brown fox jumps over the moon.  All people need data protection. There are many instances of this occurring in the business world, for example, in New York City.  Many layers of cloth are required to spin the sheet into a yarn.  The mountains in the himalayas show promise for refreshing the region’s oxygen supply.   All people need data protection. There are many instances of this occurring in the business world, for example, in New York City.  Many layers of cloth are required to spin the sheet into a yarn.  The mountains in the himalayas show promise for refreshing the region’s oxygen supply.','This is what a short answer looks like.',' The mountains in the himalayas show promise for refreshing the region’s oxygen supply.   All people need data protection. There are many instances of this occurring in the business world, for example, in New York City.','The mountains in the himalayas show promise for refreshing the region’s oxygen supply.   All people need data protection. There are many instances of this occurring in the business world, for example, in New York City. There are many instances of this.','The quick brown fox jumps over the moon.  All people need data protection. There are many instances of this occurring in the business world, for example, in New York City.','The quick brown fox jumps over the moon.  All people need data protection. There are many instances of this occurring in the business world, for example, in New York City.  Many layers of cloth are required to spin the sheet into a yarn.The quick brown fox jumps over the moon.  All people need data protection. There are many instances of this occurring in the business world, for example, in New York City.  Many layers of cloth are required to spin the sheet into a yarn.',5,'200','B','2017-08-17 20:42:40','2017-08-17 20:42:40'),(21,'QUESTION 2.2a The quick brown fox jumps over the moon.  All people need data protection. There are many instances of this occurring in the business world, for example, in New York City.  Many layers of cloth are required to spin the sheet into a yarn.  The mountains in the himalayas show promise for refreshing the region’s oxygen supply.   All people need data protection. There are many instances of this occurring in the business world, for example, in New York City.  Many layers of cloth are required to spin the sheet into a yarn.  The mountains in the himalayas show promise for refreshing the region’s oxygen supply.','This is what a short answer looks like.',' The mountains in the himalayas show promise for refreshing the region’s oxygen supply.   All people need data protection. There are many instances of this occurring in the business world, for example, in New York City.','The mountains in the himalayas show promise for refreshing the region’s oxygen supply.   All people need data protection. There are many instances of this occurring in the business world, for example, in New York City. There are many instances of this.','The quick brown fox jumps over the moon.  All people need data protection. There are many instances of this occurring in the business world, for example, in New York City.','The quick brown fox jumps over the moon.  All people need data protection. There are many instances of this occurring in the business world, for example, in New York City.  Many layers of cloth are required to spin the sheet into a yarn.The quick brown fox jumps over the moon.  All people need data protection. There are many instances of this occurring in the business world, for example, in New York City.  Many layers of cloth are required to spin the sheet into a yarn.',1,'200','A','2017-08-17 20:42:41','2017-08-17 20:42:41'),(22,'QUESTION 2.2e The quick brown fox jumps over the moon.  All people need data protection. There are many instances of this occurring in the business world, for example, in New York City.  Many layers of cloth are required to spin the sheet into a yarn.  The mountains in the himalayas show promise for refreshing the region’s oxygen supply.   All people need data protection. There are many instances of this occurring in the business world, for example, in New York City.  Many layers of cloth are required to spin the sheet into a yarn.  The mountains in the himalayas show promise for refreshing the region’s oxygen supply.','This is what a short answer looks like.',' The mountains in the himalayas show promise for refreshing the region’s oxygen supply.   All people need data protection. There are many instances of this occurring in the business world, for example, in New York City.','The mountains in the himalayas show promise for refreshing the region’s oxygen supply.   All people need data protection. There are many instances of this occurring in the business world, for example, in New York City. There are many instances of this.','The quick brown fox jumps over the moon.  All people need data protection. There are many instances of this occurring in the business world, for example, in New York City.','The quick brown fox jumps over the moon.  All people need data protection. There are many instances of this occurring in the business world, for example, in New York City.  Many layers of cloth are required to spin the sheet into a yarn.The quick brown fox jumps over the moon.  All people need data protection. There are many instances of this occurring in the business world, for example, in New York City.  Many layers of cloth are required to spin the sheet into a yarn.',2,'200','E','2017-08-17 20:42:41','2017-08-17 20:42:41'),(23,'QUESTION 2.2d The quick brown fox jumps over the moon.  All people need data protection. There are many instances of this occurring in the business world, for example, in New York City.  Many layers of cloth are required to spin the sheet into a yarn.  The mountains in the himalayas show promise for refreshing the region’s oxygen supply.   All people need data protection. There are many instances of this occurring in the business world, for example, in New York City.  Many layers of cloth are required to spin the sheet into a yarn.  The mountains in the himalayas show promise for refreshing the region’s oxygen supply.','This is what a short answer looks like.',' The mountains in the himalayas show promise for refreshing the region’s oxygen supply.   All people need data protection. There are many instances of this occurring in the business world, for example, in New York City.','The mountains in the himalayas show promise for refreshing the region’s oxygen supply.   All people need data protection. There are many instances of this occurring in the business world, for example, in New York City. There are many instances of this.','The quick brown fox jumps over the moon.  All people need data protection. There are many instances of this occurring in the business world, for example, in New York City.','The quick brown fox jumps over the moon.  All people need data protection. There are many instances of this occurring in the business world, for example, in New York City.  Many layers of cloth are required to spin the sheet into a yarn.The quick brown fox jumps over the moon.  All people need data protection. There are many instances of this occurring in the business world, for example, in New York City.  Many layers of cloth are required to spin the sheet into a yarn.',3,'200','D','2017-08-17 20:42:41','2017-08-17 20:42:41'),(24,'QUESTION 2.2c The quick brown fox jumps over the moon.  All people need data protection. There are many instances of this occurring in the business world, for example, in New York City.  Many layers of cloth are required to spin the sheet into a yarn.  The mountains in the himalayas show promise for refreshing the region’s oxygen supply.   All people need data protection. There are many instances of this occurring in the business world, for example, in New York City.  Many layers of cloth are required to spin the sheet into a yarn.  The mountains in the himalayas show promise for refreshing the region’s oxygen supply.','This is what a short answer looks like.',' The mountains in the himalayas show promise for refreshing the region’s oxygen supply.   All people need data protection. There are many instances of this occurring in the business world, for example, in New York City.','The mountains in the himalayas show promise for refreshing the region’s oxygen supply.   All people need data protection. There are many instances of this occurring in the business world, for example, in New York City. There are many instances of this.','The quick brown fox jumps over the moon.  All people need data protection. There are many instances of this occurring in the business world, for example, in New York City.','The quick brown fox jumps over the moon.  All people need data protection. There are many instances of this occurring in the business world, for example, in New York City.  Many layers of cloth are required to spin the sheet into a yarn.The quick brown fox jumps over the moon.  All people need data protection. There are many instances of this occurring in the business world, for example, in New York City.  Many layers of cloth are required to spin the sheet into a yarn.',4,'200','C','2017-08-17 20:42:41','2017-08-17 20:42:41'),(25,'QUESTION 2.2b The quick brown fox jumps over the moon.  All people need data protection. There are many instances of this occurring in the business world, for example, in New York City.  Many layers of cloth are required to spin the sheet into a yarn.  The mountains in the himalayas show promise for refreshing the region’s oxygen supply.   All people need data protection. There are many instances of this occurring in the business world, for example, in New York City.  Many layers of cloth are required to spin the sheet into a yarn.  The mountains in the himalayas show promise for refreshing the region’s oxygen supply.','This is what a short answer looks like.',' The mountains in the himalayas show promise for refreshing the region’s oxygen supply.   All people need data protection. There are many instances of this occurring in the business world, for example, in New York City.','The mountains in the himalayas show promise for refreshing the region’s oxygen supply.   All people need data protection. There are many instances of this occurring in the business world, for example, in New York City. There are many instances of this.','The quick brown fox jumps over the moon.  All people need data protection. There are many instances of this occurring in the business world, for example, in New York City.','The quick brown fox jumps over the moon.  All people need data protection. There are many instances of this occurring in the business world, for example, in New York City.  Many layers of cloth are required to spin the sheet into a yarn.The quick brown fox jumps over the moon.  All people need data protection. There are many instances of this occurring in the business world, for example, in New York City.  Many layers of cloth are required to spin the sheet into a yarn.',5,'200','B','2017-08-17 20:42:42','2017-08-17 20:42:42'),(26,'QUESTION 2.2a The quick brown fox jumps over the moon.  All people need data protection. There are many instances of this occurring in the business world, for example, in New York City.  Many layers of cloth are required to spin the sheet into a yarn.  The mountains in the himalayas show promise for refreshing the region’s oxygen supply.   All people need data protection. There are many instances of this occurring in the business world, for example, in New York City.  Many layers of cloth are required to spin the sheet into a yarn.  The mountains in the himalayas show promise for refreshing the region’s oxygen supply.','This is what a short answer looks like.',' The mountains in the himalayas show promise for refreshing the region’s oxygen supply.   All people need data protection. There are many instances of this occurring in the business world, for example, in New York City.','The mountains in the himalayas show promise for refreshing the region’s oxygen supply.   All people need data protection. There are many instances of this occurring in the business world, for example, in New York City. There are many instances of this.','The quick brown fox jumps over the moon.  All people need data protection. There are many instances of this occurring in the business world, for example, in New York City.','The quick brown fox jumps over the moon.  All people need data protection. There are many instances of this occurring in the business world, for example, in New York City.  Many layers of cloth are required to spin the sheet into a yarn.The quick brown fox jumps over the moon.  All people need data protection. There are many instances of this occurring in the business world, for example, in New York City.  Many layers of cloth are required to spin the sheet into a yarn.',1,'200','A','2017-08-17 20:42:43','2017-08-17 20:42:43'),(27,'QUESTION 2.2e The quick brown fox jumps over the moon.  All people need data protection. There are many instances of this occurring in the business world, for example, in New York City.  Many layers of cloth are required to spin the sheet into a yarn.  The mountains in the himalayas show promise for refreshing the region’s oxygen supply.   All people need data protection. There are many instances of this occurring in the business world, for example, in New York City.  Many layers of cloth are required to spin the sheet into a yarn.  The mountains in the himalayas show promise for refreshing the region’s oxygen supply.','This is what a short answer looks like.',' The mountains in the himalayas show promise for refreshing the region’s oxygen supply.   All people need data protection. There are many instances of this occurring in the business world, for example, in New York City.','The mountains in the himalayas show promise for refreshing the region’s oxygen supply.   All people need data protection. There are many instances of this occurring in the business world, for example, in New York City. There are many instances of this.','The quick brown fox jumps over the moon.  All people need data protection. There are many instances of this occurring in the business world, for example, in New York City.','The quick brown fox jumps over the moon.  All people need data protection. There are many instances of this occurring in the business world, for example, in New York City.  Many layers of cloth are required to spin the sheet into a yarn.The quick brown fox jumps over the moon.  All people need data protection. There are many instances of this occurring in the business world, for example, in New York City.  Many layers of cloth are required to spin the sheet into a yarn.',2,'200','E','2017-08-17 20:42:43','2017-08-17 20:42:43'),(28,'QUESTION 2.2d The quick brown fox jumps over the moon.  All people need data protection. There are many instances of this occurring in the business world, for example, in New York City.  Many layers of cloth are required to spin the sheet into a yarn.  The mountains in the himalayas show promise for refreshing the region’s oxygen supply.   All people need data protection. There are many instances of this occurring in the business world, for example, in New York City.  Many layers of cloth are required to spin the sheet into a yarn.  The mountains in the himalayas show promise for refreshing the region’s oxygen supply.','This is what a short answer looks like.',' The mountains in the himalayas show promise for refreshing the region’s oxygen supply.   All people need data protection. There are many instances of this occurring in the business world, for example, in New York City.','The mountains in the himalayas show promise for refreshing the region’s oxygen supply.   All people need data protection. There are many instances of this occurring in the business world, for example, in New York City. There are many instances of this.','The quick brown fox jumps over the moon.  All people need data protection. There are many instances of this occurring in the business world, for example, in New York City.','The quick brown fox jumps over the moon.  All people need data protection. There are many instances of this occurring in the business world, for example, in New York City.  Many layers of cloth are required to spin the sheet into a yarn.The quick brown fox jumps over the moon.  All people need data protection. There are many instances of this occurring in the business world, for example, in New York City.  Many layers of cloth are required to spin the sheet into a yarn.',3,'200','D','2017-08-17 20:42:44','2017-08-17 20:42:44'),(29,'QUESTION 2.2c The quick brown fox jumps over the moon.  All people need data protection. There are many instances of this occurring in the business world, for example, in New York City.  Many layers of cloth are required to spin the sheet into a yarn.  The mountains in the himalayas show promise for refreshing the region’s oxygen supply.   All people need data protection. There are many instances of this occurring in the business world, for example, in New York City.  Many layers of cloth are required to spin the sheet into a yarn.  The mountains in the himalayas show promise for refreshing the region’s oxygen supply.','This is what a short answer looks like.',' The mountains in the himalayas show promise for refreshing the region’s oxygen supply.   All people need data protection. There are many instances of this occurring in the business world, for example, in New York City.','The mountains in the himalayas show promise for refreshing the region’s oxygen supply.   All people need data protection. There are many instances of this occurring in the business world, for example, in New York City. There are many instances of this.','The quick brown fox jumps over the moon.  All people need data protection. There are many instances of this occurring in the business world, for example, in New York City.','The quick brown fox jumps over the moon.  All people need data protection. There are many instances of this occurring in the business world, for example, in New York City.  Many layers of cloth are required to spin the sheet into a yarn.The quick brown fox jumps over the moon.  All people need data protection. There are many instances of this occurring in the business world, for example, in New York City.  Many layers of cloth are required to spin the sheet into a yarn.',4,'200','C','2017-08-17 20:42:44','2017-08-17 20:42:44'),(30,'QUESTION 2.2b The quick brown fox jumps over the moon.  All people need data protection. There are many instances of this occurring in the business world, for example, in New York City.  Many layers of cloth are required to spin the sheet into a yarn.  The mountains in the himalayas show promise for refreshing the region’s oxygen supply.   All people need data protection. There are many instances of this occurring in the business world, for example, in New York City.  Many layers of cloth are required to spin the sheet into a yarn.  The mountains in the himalayas show promise for refreshing the region’s oxygen supply.','This is what a short answer looks like.',' The mountains in the himalayas show promise for refreshing the region’s oxygen supply.   All people need data protection. There are many instances of this occurring in the business world, for example, in New York City.','The mountains in the himalayas show promise for refreshing the region’s oxygen supply.   All people need data protection. There are many instances of this occurring in the business world, for example, in New York City. There are many instances of this.','The quick brown fox jumps over the moon.  All people need data protection. There are many instances of this occurring in the business world, for example, in New York City.','The quick brown fox jumps over the moon.  All people need data protection. There are many instances of this occurring in the business world, for example, in New York City.  Many layers of cloth are required to spin the sheet into a yarn.The quick brown fox jumps over the moon.  All people need data protection. There are many instances of this occurring in the business world, for example, in New York City.  Many layers of cloth are required to spin the sheet into a yarn.',5,'200','B','2017-08-17 20:42:44','2017-08-17 20:42:44'),(31,'QUESTION 2.4a The quick brown fox jumps over the moon.  All people need data protection. There are many instances of this occurring in the business world, for example, in New York City.  Many layers of cloth are required to spin the sheet into a yarn.  The mountains in the himalayas show promise for refreshing the region’s oxygen supply.   All people need data protection. There are many instances of this occurring in the business world, for example, in New York City.  Many layers of cloth are required to spin the sheet into a yarn.  The mountains in the himalayas show promise for refreshing the region’s oxygen supply.','This is what a short answer looks like.',' The mountains in the himalayas show promise for refreshing the region’s oxygen supply.   All people need data protection. There are many instances of this occurring in the business world, for example, in New York City.','The mountains in the himalayas show promise for refreshing the region’s oxygen supply.   All people need data protection. There are many instances of this occurring in the business world, for example, in New York City. There are many instances of this.','The quick brown fox jumps over the moon.  All people need data protection. There are many instances of this occurring in the business world, for example, in New York City.','The quick brown fox jumps over the moon.  All people need data protection. There are many instances of this occurring in the business world, for example, in New York City.  Many layers of cloth are required to spin the sheet into a yarn.The quick brown fox jumps over the moon.  All people need data protection. There are many instances of this occurring in the business world, for example, in New York City.  Many layers of cloth are required to spin the sheet into a yarn.',1,'400','A','2017-08-17 20:43:14','2017-08-17 20:43:14'),(32,'QUESTION 2.4e The quick brown fox jumps over the moon.  All people need data protection. There are many instances of this occurring in the business world, for example, in New York City.  Many layers of cloth are required to spin the sheet into a yarn.  The mountains in the himalayas show promise for refreshing the region’s oxygen supply.   All people need data protection. There are many instances of this occurring in the business world, for example, in New York City.  Many layers of cloth are required to spin the sheet into a yarn.  The mountains in the himalayas show promise for refreshing the region’s oxygen supply.','This is what a short answer looks like.',' The mountains in the himalayas show promise for refreshing the region’s oxygen supply.   All people need data protection. There are many instances of this occurring in the business world, for example, in New York City.','The mountains in the himalayas show promise for refreshing the region’s oxygen supply.   All people need data protection. There are many instances of this occurring in the business world, for example, in New York City. There are many instances of this.','The quick brown fox jumps over the moon.  All people need data protection. There are many instances of this occurring in the business world, for example, in New York City.','The quick brown fox jumps over the moon.  All people need data protection. There are many instances of this occurring in the business world, for example, in New York City.  Many layers of cloth are required to spin the sheet into a yarn.The quick brown fox jumps over the moon.  All people need data protection. There are many instances of this occurring in the business world, for example, in New York City.  Many layers of cloth are required to spin the sheet into a yarn.',2,'400','E','2017-08-17 20:43:14','2017-08-17 20:43:14'),(33,'QUESTION 2.4d The quick brown fox jumps over the moon.  All people need data protection. There are many instances of this occurring in the business world, for example, in New York City.  Many layers of cloth are required to spin the sheet into a yarn.  The mountains in the himalayas show promise for refreshing the region’s oxygen supply.   All people need data protection. There are many instances of this occurring in the business world, for example, in New York City.  Many layers of cloth are required to spin the sheet into a yarn.  The mountains in the himalayas show promise for refreshing the region’s oxygen supply.','This is what a short answer looks like.',' The mountains in the himalayas show promise for refreshing the region’s oxygen supply.   All people need data protection. There are many instances of this occurring in the business world, for example, in New York City.','The mountains in the himalayas show promise for refreshing the region’s oxygen supply.   All people need data protection. There are many instances of this occurring in the business world, for example, in New York City. There are many instances of this.','The quick brown fox jumps over the moon.  All people need data protection. There are many instances of this occurring in the business world, for example, in New York City.','The quick brown fox jumps over the moon.  All people need data protection. There are many instances of this occurring in the business world, for example, in New York City.  Many layers of cloth are required to spin the sheet into a yarn.The quick brown fox jumps over the moon.  All people need data protection. There are many instances of this occurring in the business world, for example, in New York City.  Many layers of cloth are required to spin the sheet into a yarn.',3,'400','D','2017-08-17 20:43:15','2017-08-17 20:43:15'),(34,'QUESTION 2.4c The quick brown fox jumps over the moon.  All people need data protection. There are many instances of this occurring in the business world, for example, in New York City.  Many layers of cloth are required to spin the sheet into a yarn.  The mountains in the himalayas show promise for refreshing the region’s oxygen supply.   All people need data protection. There are many instances of this occurring in the business world, for example, in New York City.  Many layers of cloth are required to spin the sheet into a yarn.  The mountains in the himalayas show promise for refreshing the region’s oxygen supply.','This is what a short answer looks like.',' The mountains in the himalayas show promise for refreshing the region’s oxygen supply.   All people need data protection. There are many instances of this occurring in the business world, for example, in New York City.','The mountains in the himalayas show promise for refreshing the region’s oxygen supply.   All people need data protection. There are many instances of this occurring in the business world, for example, in New York City. There are many instances of this.','The quick brown fox jumps over the moon.  All people need data protection. There are many instances of this occurring in the business world, for example, in New York City.','The quick brown fox jumps over the moon.  All people need data protection. There are many instances of this occurring in the business world, for example, in New York City.  Many layers of cloth are required to spin the sheet into a yarn.The quick brown fox jumps over the moon.  All people need data protection. There are many instances of this occurring in the business world, for example, in New York City.  Many layers of cloth are required to spin the sheet into a yarn.',4,'400','C','2017-08-17 20:43:15','2017-08-17 20:43:15'),(35,'QUESTION 2.4b The quick brown fox jumps over the moon.  All people need data protection. There are many instances of this occurring in the business world, for example, in New York City.  Many layers of cloth are required to spin the sheet into a yarn.  The mountains in the himalayas show promise for refreshing the region’s oxygen supply.   All people need data protection. There are many instances of this occurring in the business world, for example, in New York City.  Many layers of cloth are required to spin the sheet into a yarn.  The mountains in the himalayas show promise for refreshing the region’s oxygen supply.','This is what a short answer looks like.',' The mountains in the himalayas show promise for refreshing the region’s oxygen supply.   All people need data protection. There are many instances of this occurring in the business world, for example, in New York City.','The mountains in the himalayas show promise for refreshing the region’s oxygen supply.   All people need data protection. There are many instances of this occurring in the business world, for example, in New York City. There are many instances of this.','The quick brown fox jumps over the moon.  All people need data protection. There are many instances of this occurring in the business world, for example, in New York City.','The quick brown fox jumps over the moon.  All people need data protection. There are many instances of this occurring in the business world, for example, in New York City.  Many layers of cloth are required to spin the sheet into a yarn.The quick brown fox jumps over the moon.  All people need data protection. There are many instances of this occurring in the business world, for example, in New York City.  Many layers of cloth are required to spin the sheet into a yarn.',5,'400','B','2017-08-17 20:43:15','2017-08-17 20:43:15'),(36,'QUESTION 2.4a The quick brown fox jumps over the moon.  All people need data protection. There are many instances of this occurring in the business world, for example, in New York City.  Many layers of cloth are required to spin the sheet into a yarn.  The mountains in the himalayas show promise for refreshing the region’s oxygen supply.   All people need data protection. There are many instances of this occurring in the business world, for example, in New York City.  Many layers of cloth are required to spin the sheet into a yarn.  The mountains in the himalayas show promise for refreshing the region’s oxygen supply.','This is what a short answer looks like.',' The mountains in the himalayas show promise for refreshing the region’s oxygen supply.   All people need data protection. There are many instances of this occurring in the business world, for example, in New York City.','The mountains in the himalayas show promise for refreshing the region’s oxygen supply.   All people need data protection. There are many instances of this occurring in the business world, for example, in New York City. There are many instances of this.','The quick brown fox jumps over the moon.  All people need data protection. There are many instances of this occurring in the business world, for example, in New York City.','The quick brown fox jumps over the moon.  All people need data protection. There are many instances of this occurring in the business world, for example, in New York City.  Many layers of cloth are required to spin the sheet into a yarn.The quick brown fox jumps over the moon.  All people need data protection. There are many instances of this occurring in the business world, for example, in New York City.  Many layers of cloth are required to spin the sheet into a yarn.',1,'400','A','2017-08-17 20:43:16','2017-08-17 20:43:16'),(37,'QUESTION 2.4e The quick brown fox jumps over the moon.  All people need data protection. There are many instances of this occurring in the business world, for example, in New York City.  Many layers of cloth are required to spin the sheet into a yarn.  The mountains in the himalayas show promise for refreshing the region’s oxygen supply.   All people need data protection. There are many instances of this occurring in the business world, for example, in New York City.  Many layers of cloth are required to spin the sheet into a yarn.  The mountains in the himalayas show promise for refreshing the region’s oxygen supply.','This is what a short answer looks like.',' The mountains in the himalayas show promise for refreshing the region’s oxygen supply.   All people need data protection. There are many instances of this occurring in the business world, for example, in New York City.','The mountains in the himalayas show promise for refreshing the region’s oxygen supply.   All people need data protection. There are many instances of this occurring in the business world, for example, in New York City. There are many instances of this.','The quick brown fox jumps over the moon.  All people need data protection. There are many instances of this occurring in the business world, for example, in New York City.','The quick brown fox jumps over the moon.  All people need data protection. There are many instances of this occurring in the business world, for example, in New York City.  Many layers of cloth are required to spin the sheet into a yarn.The quick brown fox jumps over the moon.  All people need data protection. There are many instances of this occurring in the business world, for example, in New York City.  Many layers of cloth are required to spin the sheet into a yarn.',2,'400','E','2017-08-17 20:43:16','2017-08-17 20:43:16'),(38,'QUESTION 2.4d The quick brown fox jumps over the moon.  All people need data protection. There are many instances of this occurring in the business world, for example, in New York City.  Many layers of cloth are required to spin the sheet into a yarn.  The mountains in the himalayas show promise for refreshing the region’s oxygen supply.   All people need data protection. There are many instances of this occurring in the business world, for example, in New York City.  Many layers of cloth are required to spin the sheet into a yarn.  The mountains in the himalayas show promise for refreshing the region’s oxygen supply.','This is what a short answer looks like.',' The mountains in the himalayas show promise for refreshing the region’s oxygen supply.   All people need data protection. There are many instances of this occurring in the business world, for example, in New York City.','The mountains in the himalayas show promise for refreshing the region’s oxygen supply.   All people need data protection. There are many instances of this occurring in the business world, for example, in New York City. There are many instances of this.','The quick brown fox jumps over the moon.  All people need data protection. There are many instances of this occurring in the business world, for example, in New York City.','The quick brown fox jumps over the moon.  All people need data protection. There are many instances of this occurring in the business world, for example, in New York City.  Many layers of cloth are required to spin the sheet into a yarn.The quick brown fox jumps over the moon.  All people need data protection. There are many instances of this occurring in the business world, for example, in New York City.  Many layers of cloth are required to spin the sheet into a yarn.',3,'400','D','2017-08-17 20:43:17','2017-08-17 20:43:17'),(39,'QUESTION 2.4c The quick brown fox jumps over the moon.  All people need data protection. There are many instances of this occurring in the business world, for example, in New York City.  Many layers of cloth are required to spin the sheet into a yarn.  The mountains in the himalayas show promise for refreshing the region’s oxygen supply.   All people need data protection. There are many instances of this occurring in the business world, for example, in New York City.  Many layers of cloth are required to spin the sheet into a yarn.  The mountains in the himalayas show promise for refreshing the region’s oxygen supply.','This is what a short answer looks like.',' The mountains in the himalayas show promise for refreshing the region’s oxygen supply.   All people need data protection. There are many instances of this occurring in the business world, for example, in New York City.','The mountains in the himalayas show promise for refreshing the region’s oxygen supply.   All people need data protection. There are many instances of this occurring in the business world, for example, in New York City. There are many instances of this.','The quick brown fox jumps over the moon.  All people need data protection. There are many instances of this occurring in the business world, for example, in New York City.','The quick brown fox jumps over the moon.  All people need data protection. There are many instances of this occurring in the business world, for example, in New York City.  Many layers of cloth are required to spin the sheet into a yarn.The quick brown fox jumps over the moon.  All people need data protection. There are many instances of this occurring in the business world, for example, in New York City.  Many layers of cloth are required to spin the sheet into a yarn.',4,'400','C','2017-08-17 20:43:17','2017-08-17 20:43:17'),(40,'QUESTION 2.4b The quick brown fox jumps over the moon.  All people need data protection. There are many instances of this occurring in the business world, for example, in New York City.  Many layers of cloth are required to spin the sheet into a yarn.  The mountains in the himalayas show promise for refreshing the region’s oxygen supply.   All people need data protection. There are many instances of this occurring in the business world, for example, in New York City.  Many layers of cloth are required to spin the sheet into a yarn.  The mountains in the himalayas show promise for refreshing the region’s oxygen supply.','This is what a short answer looks like.',' The mountains in the himalayas show promise for refreshing the region’s oxygen supply.   All people need data protection. There are many instances of this occurring in the business world, for example, in New York City.','The mountains in the himalayas show promise for refreshing the region’s oxygen supply.   All people need data protection. There are many instances of this occurring in the business world, for example, in New York City. There are many instances of this.','The quick brown fox jumps over the moon.  All people need data protection. There are many instances of this occurring in the business world, for example, in New York City.','The quick brown fox jumps over the moon.  All people need data protection. There are many instances of this occurring in the business world, for example, in New York City.  Many layers of cloth are required to spin the sheet into a yarn.The quick brown fox jumps over the moon.  All people need data protection. There are many instances of this occurring in the business world, for example, in New York City.  Many layers of cloth are required to spin the sheet into a yarn.',5,'400','B','2017-08-17 20:43:17','2017-08-17 20:43:17'),(41,'QUESTION 2.4a The quick brown fox jumps over the moon.  All people need data protection. There are many instances of this occurring in the business world, for example, in New York City.  Many layers of cloth are required to spin the sheet into a yarn.  The mountains in the himalayas show promise for refreshing the region’s oxygen supply.   All people need data protection. There are many instances of this occurring in the business world, for example, in New York City.  Many layers of cloth are required to spin the sheet into a yarn.  The mountains in the himalayas show promise for refreshing the region’s oxygen supply.','This is what a short answer looks like.',' The mountains in the himalayas show promise for refreshing the region’s oxygen supply.   All people need data protection. There are many instances of this occurring in the business world, for example, in New York City.','The mountains in the himalayas show promise for refreshing the region’s oxygen supply.   All people need data protection. There are many instances of this occurring in the business world, for example, in New York City. There are many instances of this.','The quick brown fox jumps over the moon.  All people need data protection. There are many instances of this occurring in the business world, for example, in New York City.','The quick brown fox jumps over the moon.  All people need data protection. There are many instances of this occurring in the business world, for example, in New York City.  Many layers of cloth are required to spin the sheet into a yarn.The quick brown fox jumps over the moon.  All people need data protection. There are many instances of this occurring in the business world, for example, in New York City.  Many layers of cloth are required to spin the sheet into a yarn.',1,'400','A','2017-08-17 20:43:18','2017-08-17 20:43:18'),(42,'QUESTION 2.4e The quick brown fox jumps over the moon.  All people need data protection. There are many instances of this occurring in the business world, for example, in New York City.  Many layers of cloth are required to spin the sheet into a yarn.  The mountains in the himalayas show promise for refreshing the region’s oxygen supply.   All people need data protection. There are many instances of this occurring in the business world, for example, in New York City.  Many layers of cloth are required to spin the sheet into a yarn.  The mountains in the himalayas show promise for refreshing the region’s oxygen supply.','This is what a short answer looks like.',' The mountains in the himalayas show promise for refreshing the region’s oxygen supply.   All people need data protection. There are many instances of this occurring in the business world, for example, in New York City.','The mountains in the himalayas show promise for refreshing the region’s oxygen supply.   All people need data protection. There are many instances of this occurring in the business world, for example, in New York City. There are many instances of this.','The quick brown fox jumps over the moon.  All people need data protection. There are many instances of this occurring in the business world, for example, in New York City.','The quick brown fox jumps over the moon.  All people need data protection. There are many instances of this occurring in the business world, for example, in New York City.  Many layers of cloth are required to spin the sheet into a yarn.The quick brown fox jumps over the moon.  All people need data protection. There are many instances of this occurring in the business world, for example, in New York City.  Many layers of cloth are required to spin the sheet into a yarn.',2,'400','E','2017-08-17 20:43:18','2017-08-17 20:43:18'),(43,'QUESTION 2.4d The quick brown fox jumps over the moon.  All people need data protection. There are many instances of this occurring in the business world, for example, in New York City.  Many layers of cloth are required to spin the sheet into a yarn.  The mountains in the himalayas show promise for refreshing the region’s oxygen supply.   All people need data protection. There are many instances of this occurring in the business world, for example, in New York City.  Many layers of cloth are required to spin the sheet into a yarn.  The mountains in the himalayas show promise for refreshing the region’s oxygen supply.','This is what a short answer looks like.',' The mountains in the himalayas show promise for refreshing the region’s oxygen supply.   All people need data protection. There are many instances of this occurring in the business world, for example, in New York City.','The mountains in the himalayas show promise for refreshing the region’s oxygen supply.   All people need data protection. There are many instances of this occurring in the business world, for example, in New York City. There are many instances of this.','The quick brown fox jumps over the moon.  All people need data protection. There are many instances of this occurring in the business world, for example, in New York City.','The quick brown fox jumps over the moon.  All people need data protection. There are many instances of this occurring in the business world, for example, in New York City.  Many layers of cloth are required to spin the sheet into a yarn.The quick brown fox jumps over the moon.  All people need data protection. There are many instances of this occurring in the business world, for example, in New York City.  Many layers of cloth are required to spin the sheet into a yarn.',3,'400','D','2017-08-17 20:43:19','2017-08-17 20:43:19'),(44,'QUESTION 2.4c The quick brown fox jumps over the moon.  All people need data protection. There are many instances of this occurring in the business world, for example, in New York City.  Many layers of cloth are required to spin the sheet into a yarn.  The mountains in the himalayas show promise for refreshing the region’s oxygen supply.   All people need data protection. There are many instances of this occurring in the business world, for example, in New York City.  Many layers of cloth are required to spin the sheet into a yarn.  The mountains in the himalayas show promise for refreshing the region’s oxygen supply.','This is what a short answer looks like.',' The mountains in the himalayas show promise for refreshing the region’s oxygen supply.   All people need data protection. There are many instances of this occurring in the business world, for example, in New York City.','The mountains in the himalayas show promise for refreshing the region’s oxygen supply.   All people need data protection. There are many instances of this occurring in the business world, for example, in New York City. There are many instances of this.','The quick brown fox jumps over the moon.  All people need data protection. There are many instances of this occurring in the business world, for example, in New York City.','The quick brown fox jumps over the moon.  All people need data protection. There are many instances of this occurring in the business world, for example, in New York City.  Many layers of cloth are required to spin the sheet into a yarn.The quick brown fox jumps over the moon.  All people need data protection. There are many instances of this occurring in the business world, for example, in New York City.  Many layers of cloth are required to spin the sheet into a yarn.',4,'400','C','2017-08-17 20:43:19','2017-08-17 20:43:19'),(45,'QUESTION 2.4b The quick brown fox jumps over the moon.  All people need data protection. There are many instances of this occurring in the business world, for example, in New York City.  Many layers of cloth are required to spin the sheet into a yarn.  The mountains in the himalayas show promise for refreshing the region’s oxygen supply.   All people need data protection. There are many instances of this occurring in the business world, for example, in New York City.  Many layers of cloth are required to spin the sheet into a yarn.  The mountains in the himalayas show promise for refreshing the region’s oxygen supply.','This is what a short answer looks like.',' The mountains in the himalayas show promise for refreshing the region’s oxygen supply.   All people need data protection. There are many instances of this occurring in the business world, for example, in New York City.','The mountains in the himalayas show promise for refreshing the region’s oxygen supply.   All people need data protection. There are many instances of this occurring in the business world, for example, in New York City. There are many instances of this.','The quick brown fox jumps over the moon.  All people need data protection. There are many instances of this occurring in the business world, for example, in New York City.','The quick brown fox jumps over the moon.  All people need data protection. There are many instances of this occurring in the business world, for example, in New York City.  Many layers of cloth are required to spin the sheet into a yarn.The quick brown fox jumps over the moon.  All people need data protection. There are many instances of this occurring in the business world, for example, in New York City.  Many layers of cloth are required to spin the sheet into a yarn.',5,'400','B','2017-08-17 20:43:19','2017-08-17 20:43:19');
/*!40000 ALTER TABLE `questions` ENABLE KEYS */;
UNLOCK TABLES;

--
-- Table structure for table `sessions`
--

DROP TABLE IF EXISTS `sessions`;
/*!40101 SET @saved_cs_client     = @@character_set_client */;
/*!40101 SET character_set_client = utf8 */;
CREATE TABLE `sessions` (
  `id` int(11) NOT NULL AUTO_INCREMENT,
  `userId` int(11) DEFAULT NULL,
  `token` varchar(250) NOT NULL,
  PRIMARY KEY (`id`),
  UNIQUE KEY `token` (`token`),
  KEY `userId` (`userId`),
  CONSTRAINT `sessions_ibfk_1` FOREIGN KEY (`userId`) REFERENCES `users` (`id`) ON DELETE CASCADE
) ENGINE=InnoDB AUTO_INCREMENT=15 DEFAULT CHARSET=latin1;
/*!40101 SET character_set_client = @saved_cs_client */;

--
-- Dumping data for table `sessions`
--

LOCK TABLES `sessions` WRITE;
/*!40000 ALTER TABLE `sessions` DISABLE KEYS */;
INSERT INTO `sessions` VALUES (1,1,'0W1axpPY+1AS+MNR8lOSGp7Q0e+IdHcseH2/kNeEKMmHyiMnraEQJmAnRl3cjgyCE4s='),(10,8,'fmZrl/86gKihLUpAh2jE/x/+VMsVf25tPjTfJiKJpNmxXMwf3pTEtMoHumRv15BvxYo='),(14,7,'KWwhZBt2acRV7nRBnCGogSsFi5EhZuoYFPZvr2VGc2UnRSjkR6qJ6DpAEBI+YjRz278=');
/*!40000 ALTER TABLE `sessions` ENABLE KEYS */;
UNLOCK TABLES;

--
-- Table structure for table `users`
--

DROP TABLE IF EXISTS `users`;
/*!40101 SET @saved_cs_client     = @@character_set_client */;
/*!40101 SET character_set_client = utf8 */;
CREATE TABLE `users` (
  `id` int(11) NOT NULL AUTO_INCREMENT,
  `username` varchar(50) NOT NULL,
  `email` varchar(100) NOT NULL,
  `password` varchar(60) NOT NULL,
  `interests` varchar(250) DEFAULT NULL,
  `createdAt` timestamp NOT NULL DEFAULT CURRENT_TIMESTAMP,
  `updatedAt` timestamp NOT NULL DEFAULT CURRENT_TIMESTAMP ON UPDATE CURRENT_TIMESTAMP,
  `admin` tinyint(1) NOT NULL DEFAULT '0',
  PRIMARY KEY (`id`),
  UNIQUE KEY `username` (`username`),
  UNIQUE KEY `email` (`email`)
) ENGINE=InnoDB AUTO_INCREMENT=9 DEFAULT CHARSET=latin1;
/*!40101 SET character_set_client = @saved_cs_client */;

--
-- Dumping data for table `users`
--

LOCK TABLES `users` WRITE;
/*!40000 ALTER TABLE `users` DISABLE KEYS */;
INSERT INTO `users` VALUES (1,'mattUser','matt@matt.com','$2a$10$jG0IAkpjTMOTEWSHmDiU3.P8wZC8lq1B4wn34PHmC7A3nej8vP8/.','Coding','2017-08-17 21:33:08','2017-08-17 21:33:08',0),(2,'mikeUser','mike@mike.com','$2a$10$Q3yqtMfS.PE8nYwgstUpa.bcxxNfOEu5pKRDrMatwQWdWdHz3jFRa','hobby','2017-08-18 02:47:06','2017-08-18 02:47:06',0),(3,'joe2','joe1@gmail.com','$2a$10$yM/xojWjJZWA4oraCEsPwuhPOu9pkXhjQb2Fe5.VzjC1XXqEn2zW2','hockey','2017-08-18 14:48:39','2017-08-18 14:48:39',0),(4,'joe2user','joe2@gmail.com','$2a$10$NsG3nGe07M/Zy/VxprpcGeC5H1OjEibNe2Z/dYpRmL/8hbyQ8PJkK','boarding','2017-08-18 14:50:27','2017-08-18 14:50:27',0),(5,'bro1Username','Bro1@gmail.com','$2a$10$1o/ESeKfKkWdIEomiB6h5Ofljb0sRZPmTonph31m7yIkRpfw1p7va','baseball, darts, philanthropy','2017-08-18 14:51:38','2017-08-18 14:51:38',0),(6,'M_The_User','m@m.com','$2a$10$go7UCe2CGla9OlmxM35dsu21WT2lfG0fyRXK9MNpcVKmbRAxt2Vsq','sports','2017-08-18 14:53:01','2017-08-18 14:53:01',0),(7,'P-Oh-eh-Username','p@p.com','$2a$10$7afRRvfet7vx5CKIkO5xteqUFCUYxAE2QOLYrHungXSdKkB8ebUV2','coffee','2017-08-18 14:54:12','2017-08-18 14:54:12',0),(8,'ASDF','asdf@asdf.com','$2a$10$uzhM87VG4PV.wQbNfIZmeejstWMFt91.1Ckj43cfgrK90otCqykDy','asdf','2017-08-18 14:55:07','2017-08-18 14:55:07',0);
/*!40000 ALTER TABLE `users` ENABLE KEYS */;
UNLOCK TABLES;
/*!40103 SET TIME_ZONE=@OLD_TIME_ZONE */;

/*!40101 SET SQL_MODE=@OLD_SQL_MODE */;
/*!40014 SET FOREIGN_KEY_CHECKS=@OLD_FOREIGN_KEY_CHECKS */;
/*!40014 SET UNIQUE_CHECKS=@OLD_UNIQUE_CHECKS */;
/*!40101 SET CHARACTER_SET_CLIENT=@OLD_CHARACTER_SET_CLIENT */;
/*!40101 SET CHARACTER_SET_RESULTS=@OLD_CHARACTER_SET_RESULTS */;
/*!40101 SET COLLATION_CONNECTION=@OLD_COLLATION_CONNECTION */;
/*!40111 SET SQL_NOTES=@OLD_SQL_NOTES */;

-- Dump completed on 2017-08-18 14:50:31
